id;date_naissance;tel_resume;address_line_1;address_line_2;city;country;profession;website;description
1;2022-02-10T23:33:28;79108;driver;Frozen payment;West Gatien;Malawi;synthesize;Sausages b;Soap bandwidth
2;2022-02-10T19:51:58;35985;Borders Centralized;synthesize;South Arsinoéfurt;Lituanie;SCSI;standardization olive;Nord-Pas-de-Calais fuchsia
3;2022-02-10T15:41:28;5488;a Card enable;Movies;Cayenne;Djibouti;Synergized synthesizing;a Technicien system-worthy;cross-platform Buckinghamshire edge
4;2022-02-11T05:41:32;34764;cross-platform;Shoes Borders;Thaïsfort;Djibouti;Loan;Gorgeous Plastic Tuna;cutting-edge Serbian
5;2022-02-11T05:06:56;92879;robust;hardware XML Estonie;East Emmelie;Grenade;bandwidth payment;program clicks-and-mortar;Tools transitional Limousin
6;2022-02-10T12:33:34;87468;archive;Fantastic;Grenoble;Papouasie-Nouvelle-Guinée;Synergized a;Corse edge New;input
7;2022-02-10T14:44:00;99977;orange indexing;matrices incubate Maroc;New Agrippine;Bolivie;c du;Specialiste Chair Shoes;online Checking
8;2022-02-11T02:26:02;94615;invoice black granular;generate Oro;Cassandreshire;Togo;hub Garden;Executif Bacon;invoice mission-critical zero
9;2022-02-11T02:05:42;24299;deposit EXE;Sausages;Quiétashire;Albanie;virtual e-markets;facilitate Pound;moderator generating calculate
10;2022-02-10T21:56:20;28334;pixel;forecast Handcrafted;Colletville;Érythrée;real-time Fish Tasty;foreground;Coordinateur generating
